index,scan,sample temperature (°C),air temperature (°C),humidity (%),pressure (Pa)
1,1,22.400,21.917,42.87,98716
2,1,22.400,21.917,42.87,98712
3,1,22.400,21.917,42.87,98715
4,1,22.400,21.917,42.87,98713
5,1,22.400,21.917,42.87,98717
6,1,22.400,21.917,42.87,98701
7,1,22.400,21.917,42.87,98711
8,1,22.400,21.917,42.87,98717
9,1,22.400,21.917,42.87,98714
10,1,22.400,21.917,42.87,98712
11,1,22.400,21.917,42.87,98711
12,1,22.390,21.917,42.87,98712
13,1,22.400,21.917,42.87,98715
14,1,22.390,21.917,42.87,98699
15,1,22.390,21.917,42.87,98701
16,1,22.390,21.917,42.87,98709
17,1,22.400,21.917,42.87,98705
18,1,22.400,21.917,42.87,98704
19,1,22.400,21.917,42.87,98716
20,1,22.400,21.917,42.87,98712
21,1,22.400,21.917,42.87,98719
22,1,22.400,21.917,42.87,98715
23,1,22.400,21.917,42.87,98712
24,1,22.400,21.917,42.87,98721
25,1,22.400,21.917,42.87,98725
26,1,22.400,21.917,42.87,98730
27,1,22.400,21.917,42.87,98733
28,1,22.400,21.917,42.87,98726
29,1,22.400,21.917,42.87,98731
30,1,22.400,21.917,42.87,98740
31,1,22.400,21.917,42.87,98738
32,1,22.400,21.917,42.87,98728
33,1,22.410,21.917,42.87,98732
34,1,22.410,21.917,42.87,98729
35,1,22.410,21.917,42.87,98731
36,1,22.410,21.917,42.87,98734
37,1,22.410,21.917,42.87,98729
38,1,22.410,21.917,42.87,98726
39,1,22.410,21.917,42.87,98725
40,1,22.410,21.917,42.84,98714
41,1,22.410,21.917,42.87,98712
42,1,22.410,21.917,42.87,98707
43,1,22.410,21.917,42.84,98704
44,1,22.410,21.917,42.87,98708
45,1,22.420,21.917,42.87,98718
46,1,22.420,21.917,42.87,98723
47,1,22.420,21.917,42.87,98715
48,1,22.420,21.917,42.87,98713
49,1,22.420,21.917,42.87,98713
50,1,22.420,21.917,42.84,98716
51,1,22.420,21.917,42.87,98717
52,1,22.420,21.917,42.84,98722
53,1,22.420,21.917,42.87,98723
54,1,22.420,21.917,42.87,98724
55,1,22.420,21.917,42.87,98734
56,1,22.420,21.917,42.87,98737
57,1,22.430,21.917,42.87,98735
58,1,22.430,21.917,42.87,98726
59,1,22.430,21.917,42.87,98730
60,1,22.430,21.917,42.87,98735
61,1,22.430,21.917,42.84,98727
62,1,22.430,21.917,42.87,98731
63,1,22.430,21.917,42.84,98734
64,1,22.430,21.917,42.87,98731
65,1,22.430,21.917,42.84,98734
66,1,22.430,21.917,42.84,98739
67,1,22.430,21.917,42.84,98730
68,1,22.430,21.917,42.84,98731
69,1,22.440,21.917,42.84,98725
70,1,22.440,21.917,42.84,98717
71,1,22.440,21.917,42.84,98723
72,1,22.440,21.917,42.84,98729
73,1,22.440,21.917,42.84,98732
74,1,22.440,21.917,42.84,98735
75,1,22.440,21.917,42.84,98737
76,1,22.440,21.917,42.87,98740
77,1,22.440,21.917,42.84,98744
78,1,22.440,21.917,42.84,98753
79,1,22.440,21.917,42.84,98756
80,1,22.440,21.917,42.84,98745
81,1,22.440,21.917,42.84,98749
82,1,22.440,21.917,42.84,98742
83,1,22.450,21.917,42.84,98755
84,1,22.450,21.917,42.84,98747
85,1,22.450,21.917,42.84,98747
86,1,22.450,21.917,42.84,98755
87,1,22.450,21.917,42.84,98751
88,1,22.450,21.917,42.84,98752
89,1,22.450,21.917,42.84,98750
90,1,22.450,21.917,42.84,98741
91,1,22.450,21.917,42.84,98743
92,1,22.450,21.917,42.84,98744
93,1,22.450,21.917,42.84,98749
94,1,22.450,21.917,42.84,98747
95,1,22.450,21.917,42.84,98743
96,1,22.450,21.917,42.84,98742
97,1,22.450,21.917,42.84,98744
98,1,22.450,21.917,42.84,98738
99,1,22.460,21.917,42.84,98745
100,1,22.450,21.917,42.84,98731
101,1,22.460,21.917,42.84,98727
102,1,22.460,21.917,42.84,98731
103,1,22.460,21.917,42.84,98739
104,1,22.460,21.917,42.84,98744
105,1,22.460,21.917,42.84,98743
106,1,22.460,21.917,42.81,98739
107,1,22.460,21.917,42.81,98738
108,1,22.460,21.917,42.84,98739
109,1,22.460,21.917,42.84,98746
110,1,22.460,21.917,42.84,98741
111,1,22.460,21.917,42.84,98738
112,1,22.460,21.917,42.84,98745
113,1,22.460,21.917,42.84,98739
114,1,22.460,21.917,42.81,98741
115,1,22.460,21.917,42.84,98734
116,1,22.460,21.917,42.84,98735
117,1,22.460,21.917,42.81,98733
118,1,22.460,21.917,42.84,98729
119,1,22.460,21.917,42.84,98730
120,1,22.460,21.917,42.84,98737
121,1,22.460,21.917,42.81,98732
122,1,22.460,21.917,42.81,98726
123,1,22.470,21.917,42.81,98721
124,1,22.470,21.917,42.84,98711
125,1,22.470,21.917,42.84,98718
126,1,22.470,21.917,42.84,98720
127,1,22.470,21.917,42.84,98723
128,1,22.470,21.917,42.81,98728
129,1,22.470,21.917,42.81,98722
130,1,22.470,21.917,42.84,98731
131,1,22.470,21.917,42.81,98721
132,1,22.470,21.917,42.81,98715
133,1,22.470,21.917,42.84,98721
134,1,22.470,21.917,42.81,98719
135,1,22.470,21.917,42.81,98714
136,1,22.470,21.917,42.81,98711
137,1,22.470,21.917,42.81,98702
138,1,22.470,21.917,42.84,98713
139,1,22.470,21.917,42.81,98703
140,1,22.470,21.917,42.81,98706
141,1,22.470,21.917,42.81,98705
142,1,22.470,21.917,42.81,98706
143,1,22.470,21.917,42.81,98699
144,1,22.470,21.917,42.81,98699
145,1,22.470,21.917,42.81,98693
146,1,22.470,21.917,42.81,98691
147,1,22.470,21.917,42.81,98687
148,1,22.470,21.917,42.81,98689
149,1,22.470,21.917,42.81,98689
150,1,22.470,21.917,42.81,98689
151,1,22.470,21.917,42.81,98681
152,1,22.470,21.917,42.81,98670
153,1,22.470,21.917,42.81,98670
154,1,22.470,21.917,42.81,98670
155,1,22.470,21.917,42.81,98655
156,1,22.470,21.917,42.81,98654
157,1,22.470,21.917,42.81,98652
158,1,22.470,21.917,42.81,98648
159,1,22.470,21.917,42.81,98653
160,1,22.470,21.917,42.81,98640
161,1,22.470,21.917,42.81,98634
162,1,22.470,21.917,42.81,98630
163,1,22.470,21.917,42.81,98634
164,1,22.470,21.917,42.81,98635
165,1,22.470,21.917,42.81,98623
166,1,22.470,21.917,42.81,98629
167,1,22.470,21.917,42.81,98616
168,1,22.470,21.917,42.81,98616
169,1,22.470,21.917,42.81,98617
170,1,22.470,21.917,42.81,98600
171,1,22.470,21.917,42.81,98600
172,1,22.470,21.917,42.81,98591
173,1,22.470,21.917,42.81,98592
174,1,22.470,21.917,42.81,98582
175,1,22.470,21.917,42.81,98580
176,1,22.470,21.917,42.81,98578
177,1,22.470,21.917,42.81,98567
178,1,22.470,21.917,42.81,98572
179,1,22.470,21.917,42.81,98567
180,1,22.470,21.917,42.81,98564
181,1,22.470,21.917,42.81,98562
182,1,22.470,21.917,42.81,98560
183,1,22.480,21.917,42.81,98550
184,1,22.470,21.917,42.78,98551
185,1,22.480,21.917,42.81,98552
186,1,22.470,21.917,42.81,98543
187,1,22.480,21.917,42.81,98530
188,1,22.480,21.917,42.81,98529
189,1,22.480,21.917,42.81,98528
190,1,22.480,21.917,42.78,98519
191,1,22.480,21.917,42.81,98521
192,1,22.480,21.917,42.81,98518
193,1,22.480,21.917,42.78,98517
194,1,22.480,21.917,42.81,98506
195,1,22.480,21.917,42.81,98508
196,1,22.480,21.917,42.81,98503
197,1,22.480,21.917,42.78,98498
198,1,22.480,21.917,42.81,98499
199,1,22.480,21.917,42.81,98498
200,1,22.480,21.917,42.81,98490
201,1,22.480,21.917,42.81,98492
202,1,22.480,21.917,42.78,98495
203,1,22.480,21.917,42.78,98489
204,1,22.480,21.917,42.81,98488
205,1,22.480,21.917,42.81,98487
206,1,22.480,21.917,42.81,98489
207,1,22.480,21.917,42.81,98482
208,1,22.480,21.917,42.81,98488
209,1,22.480,21.917,42.81,98487
210,1,22.480,21.917,42.81,98483
211,1,22.480,21.917,42.81,98473
212,1,22.480,21.917,42.81,98479
213,1,22.480,21.923,42.81,98479
214,1,22.480,21.920,42.78,98476
215,1,22.490,21.923,42.78,98477
216,1,22.480,21.917,42.81,98480
217,1,22.490,21.923,42.81,98480
218,1,22.490,21.917,42.81,98484
219,1,22.490,21.923,42.78,98476
220,1,22.490,21.917,42.81,98472
221,1,22.490,21.920,42.81,98474
222,1,22.490,21.917,42.81,98469
223,1,22.490,21.920,42.81,98471
224,1,22.490,21.917,42.81,98474
225,1,22.490,21.923,42.81,98474
226,1,22.490,21.920,42.81,98476
227,1,22.490,21.923,42.81,98480
228,1,22.490,21.917,42.81,98483
229,1,22.490,21.923,42.81,98479
230,1,22.490,21.920,42.81,98473
231,1,22.490,21.923,42.81,98476
232,1,22.490,21.917,42.81,98469
233,1,22.490,21.923,42.81,98479
234,1,22.490,21.920,42.81,98468
235,1,22.490,21.920,42.78,98467
236,1,22.490,21.917,42.81,98467
237,1,22.490,21.920,42.78,98459
238,1,22.490,21.920,42.81,98466
239,1,22.490,21.923,42.81,98461
240,1,22.490,21.920,42.81,98455
241,1,22.490,21.923,42.81,98446
242,1,22.490,21.917,42.81,98432
243,1,22.490,21.923,42.81,98430
244,1,22.490,21.920,42.78,98430
245,1,22.490,21.923,42.81,98430
246,1,22.490,21.920,42.78,98424
247,1,22.490,21.923,42.81,98419
248,1,22.490,21.920,42.78,98417
249,1,22.490,21.923,42.78,98402
250,1,22.490,21.923,42.78,98405
251,1,22.490,21.923,42.78,98393
252,1,22.490,21.923,42.78,98398
253,1,22.490,21.923,42.78,98392
254,1,22.490,21.923,42.78,98388
255,1,22.490,21.923,42.78,98390
256,1,22.490,21.923,42.78,98386
257,1,22.490,21.923,42.81,98380
258,1,22.490,21.923,42.78,98372
259,1,22.490,21.923,42.77,98370
260,1,22.490,21.923,42.78,98364
261,1,22.490,21.923,42.78,98360
262,1,22.490,21.923,42.78,98354
263,1,22.490,21.923,42.78,98344
264,1,22.490,21.920,42.77,98350
265,1,22.490,21.923,42.77,98350
266,1,22.490,21.920,42.78,98347
267,1,22.490,21.923,42.78,98355
268,1,22.490,21.923,42.78,98358
269,1,22.490,21.923,42.78,98357
270,1,22.490,21.923,42.78,98361
271,1,22.490,21.923,42.78,98361
272,1,22.490,21.923,42.78,98354
273,1,22.490,21.923,42.78,98352
274,1,22.490,21.923,42.77,98345
275,1,22.490,21.923,42.78,98343
276,1,22.490,21.923,42.78,98351
277,1,22.490,21.923,42.78,98343
278,1,22.490,21.923,42.78,98336
279,1,22.490,21.923,42.78,98331
280,1,22.490,21.923,42.78,98329
281,1,22.490,21.923,42.78,98331
282,1,22.490,21.923,42.78,98318
283,1,22.490,21.923,42.77,98309
284,1,22.490,21.923,42.78,98312
285,1,22.490,21.923,42.78,98297
286,1,22.490,21.923,42.78,98289
287,1,22.500,21.923,42.77,98289
288,1,22.490,21.923,42.77,98283
289,1,22.500,21.923,42.78,98281
290,1,22.500,21.923,42.78,98278
291,1,22.500,21.923,42.78,98276
292,1,22.500,21.923,42.78,98273
293,1,22.500,21.923,42.78,98275
294,1,22.500,21.923,42.78,98264
295,1,22.500,21.923,42.78,98256
296,1,22.500,21.923,42.78,98254
297,1,22.500,21.923,42.78,98249
298,1,22.500,21.923,42.74,98239
299,1,22.500,21.923,42.78,98236
300,1,22.500,21.923,42.74,98233
301,1,22.500,21.923,42.78,98234
302,1,22.500,21.923,42.78,98226
303,1,22.500,21.923,42.78,98216
304,1,22.500,21.923,42.74,98196
305,1,22.500,21.923,42.74,98177
306,1,22.500,21.923,42.74,98180
307,1,22.500,21.923,42.74,98182
308,1,22.500,21.923,42.74,98176
309,1,22.500,21.923,42.78,98176
310,1,22.500,21.923,42.74,98172
311,1,22.500,21.923,42.74,98163
312,1,22.500,21.923,42.74,98135
313,1,22.500,21.923,42.74,98119
314,1,22.500,21.923,42.74,98132
315,1,22.500,21.923,42.74,98145
316,1,22.500,21.923,42.74,98142
317,1,22.500,21.923,42.74,98147
318,1,22.500,21.923,42.74,98138
319,1,22.500,21.923,42.78,98137
320,1,22.500,21.923,42.74,98128
321,1,22.500,21.923,42.78,98134
322,1,22.500,21.923,42.74,98125
323,1,22.500,21.923,42.74,98127
324,1,22.500,21.923,42.78,98137
325,1,22.500,21.923,42.78,98125
326,1,22.500,21.923,42.74,98121
327,1,22.500,21.923,42.74,98118
328,1,22.500,21.923,42.74,98102
329,1,22.500,21.923,42.74,98102
330,1,22.500,21.923,42.74,98097
331,1,22.510,21.923,42.74,98097
332,1,22.500,21.923,42.74,98097
333,1,22.510,21.923,42.78,98093
334,1,22.510,21.923,42.78,98099
335,1,22.510,21.923,42.78,98095
336,1,22.510,21.923,42.74,98099
337,1,22.510,21.923,42.74,98093
338,1,22.510,21.923,42.78,98095
339,1,22.510,21.923,42.78,98094
340,1,22.510,21.923,42.78,98088
341,1,22.510,21.923,42.78,98083
342,1,22.510,21.923,42.78,98082
343,1,22.510,21.923,42.78,98076
344,1,22.510,21.923,42.78,98065
345,1,22.510,21.923,42.78,98070
346,1,22.510,21.923,42.78,98069
347,1,22.510,21.923,42.78,98058
348,1,22.510,21.923,42.78,98051
349,1,22.510,21.923,42.74,98046
350,1,22.510,21.923,42.74,98041
351,1,22.510,21.923,42.78,98038
352,1,22.510,21.923,42.78,98033
353,1,22.510,21.923,42.77,98033
354,1,22.510,21.923,42.78,98039
355,1,22.510,21.923,42.77,98043
356,1,22.510,21.923,42.78,98036
357,1,22.510,21.923,42.78,98042
358,1,22.510,21.923,42.78,98035
359,1,22.510,21.923,42.78,98027
360,1,22.510,21.923,42.77,98013
361,1,22.510,21.923,42.78,98009
362,1,22.510,21.923,42.78,98000
363,1,22.510,21.923,42.78,97995
364,1,22.510,21.923,42.78,97992
365,1,22.510,21.923,42.77,97994
366,1,22.510,21.923,42.77,97987
367,1,22.510,21.923,42.77,97979
368,1,22.510,21.923,42.78,97984
369,1,22.510,21.923,42.77,97989
370,1,22.510,21.923,42.77,97979
371,1,22.510,21.923,42.78,97975
372,1,22.510,21.923,42.74,97966
373,1,22.510,21.923,42.77,97962
374,1,22.510,21.923,42.78,97975
375,1,22.510,21.923,42.78,97974
376,1,22.510,21.923,42.77,97979
377,1,22.510,21.923,42.77,97971
378,1,22.510,21.923,42.77,97970
379,1,22.510,21.923,42.77,97961
380,1,22.510,21.923,42.77,97963
381,1,22.510,21.923,42.77,97960
382,1,22.510,21.923,42.77,97949
383,1,22.510,21.923,42.78,97940
384,1,22.510,21.923,42.74,97920
385,1,22.510,21.923,42.74,97907
386,1,22.510,21.923,42.74,97901
387,1,22.510,21.923,42.77,97920
388,1,22.510,21.923,42.74,97900
389,1,22.510,21.923,42.74,97890
390,1,22.510,21.923,42.74,97905
391,1,22.510,21.923,42.74,97895
392,1,22.510,21.923,42.74,97891
393,1,22.510,21.923,42.74,97887
394,1,22.510,21.923,42.78,97894
395,1,22.510,21.923,42.74,97888
396,1,22.510,21.923,42.74,97898
397,1,22.510,21.923,42.78,97920
398,1,22.510,21.923,42.78,97910
399,1,22.510,21.923,42.78,97909
400,1,22.510,21.923,42.74,97886
401,1,22.510,21.923,42.78,97881
402,1,22.510,21.923,42.78,97883
403,1,22.510,21.923,42.74,97869
404,1,22.510,21.923,42.74,97866
405,1,22.510,21.923,42.74,97868
406,1,22.510,21.923,42.74,97875
407,1,22.510,21.923,42.74,97867
408,1,22.510,21.923,42.74,97873
409,1,22.510,21.923,42.74,97865
410,1,22.510,21.923,42.74,97867
411,1,22.510,21.923,42.78,97861
412,1,22.510,21.923,42.74,97852
413,1,22.510,21.923,42.78,97852
414,1,22.510,21.923,42.74,97850
415,1,22.510,21.923,42.78,97854
416,1,22.510,21.923,42.78,97857
417,1,22.510,21.923,42.78,97849
418,1,22.510,21.923,42.74,97851
419,1,22.510,21.923,42.78,97841
420,1,22.510,21.923,42.78,97836
421,1,22.510,21.923,42.78,97839
422,1,22.510,21.923,42.78,97837
423,1,22.510,21.923,42.74,97832
424,1,22.510,21.923,42.74,97833
425,1,22.510,21.923,42.78,97820
426,1,22.510,21.923,42.78,97822
427,1,22.510,21.923,42.77,97827
428,1,22.510,21.923,42.77,97823
429,1,22.510,21.923,42.78,97813
430,1,22.510,21.923,42.78,97809
431,1,22.510,21.923,42.74,97811
432,1,22.510,21.923,42.74,97810
433,1,22.510,21.923,42.77,97811
434,1,22.510,21.923,42.78,97813
435,1,22.510,21.923,42.77,97814
436,1,22.510,21.923,42.74,97807
437,1,22.510,21.923,42.78,97806
438,1,22.510,21.923,42.78,97798
439,1,22.510,21.923,42.78,97809
440,1,22.510,21.923,42.77,97806
441,1,22.510,21.923,42.78,97809
442,1,22.510,21.923,42.78,97815
443,1,22.510,21.923,42.78,97802
444,1,22.510,21.923,42.78,97811
445,1,22.510,21.923,42.78,97814
446,1,22.510,21.923,42.78,97821
447,1,22.510,21.923,42.78,97816
448,1,22.510,21.923,42.81,97816
449,1,22.510,21.923,42.78,97812
450,1,22.510,21.923,42.78,97805
451,1,22.510,21.923,42.78,97802
452,1,22.510,21.923,42.78,97783
453,1,22.510,21.923,42.77,97781
454,1,22.510,21.923,42.78,97795
455,1,22.510,21.923,42.77,97800
456,1,22.510,21.923,42.78,97797
457,1,22.510,21.923,42.78,97809
458,1,22.510,21.923,42.77,97804
459,1,22.510,21.923,42.81,97802
460,1,22.510,21.923,42.81,97800
461,1,22.510,21.923,42.81,97807
462,1,22.510,21.923,42.81,97793
463,1,22.510,21.923,42.81,97799
464,1,22.510,21.923,42.81,97787
465,1,22.510,21.923,42.81,97785
466,1,22.510,21.923,42.78,97791
467,1,22.510,21.923,42.81,97804
468,1,22.510,21.923,42.78,97805
469,1,22.510,21.923,42.78,97795
470,1,22.510,21.923,42.81,97799
471,1,22.510,21.923,42.81,97811
472,1,22.510,21.923,42.77,97787
473,1,22.510,21.923,42.81,97792
474,1,22.510,21.923,42.81,97799
475,1,22.510,21.923,42.78,97807
476,1,22.510,21.923,42.78,97797
477,1,22.510,21.923,42.78,97784
478,1,22.510,21.923,42.81,97782
479,1,22.520,21.923,42.78,97778
480,1,22.510,21.923,42.81,97776
481,1,22.520,21.923,42.78,97764
482,1,22.520,21.923,42.77,97758
483,1,22.520,21.923,42.78,97757
484,1,22.520,21.923,42.78,97737
485,1,22.520,21.923,42.77,97748
486,1,22.520,21.923,42.78,97736
487,1,22.520,21.923,42.78,97741
488,1,22.520,21.923,42.78,97746
489,1,22.520,21.923,42.78,97749
490,1,22.520,21.923,42.78,97738
491,1,22.520,21.923,42.78,97750
492,1,22.520,21.923,42.78,97750
493,1,22.520,21.923,42.78,97757
494,1,22.520,21.923,42.78,97754
495,1,22.520,21.923,42.78,97750
496,1,22.520,21.923,42.78,97753
497,1,22.520,21.923,42.81,97752
498,1,22.520,21.923,42.78,97756
499,1,22.520,21.923,42.78,97749
500,1,22.520,21.923,42.78,97755
501,1,22.520,21.923,42.81,97764
502,1,22.520,21.923,42.81,97771
503,1,22.520,21.923,42.81,97769
504,1,22.520,21.923,42.81,97765
505,1,22.520,21.923,42.81,97770
506,1,22.520,21.923,42.77,97756
507,1,22.530,21.923,42.81,97751
508,1,22.520,21.923,42.81,97755
509,1,22.530,21.923,42.78,97766
510,1,22.530,21.923,42.78,97764
511,1,22.530,21.923,42.78,97772
512,1,22.530,21.923,42.78,97764
513,1,22.530,21.923,42.81,97769
514,1,22.530,21.923,42.81,97766
515,1,22.530,21.923,42.81,97773
516,1,22.530,21.923,42.78,97767
517,1,22.530,21.923,42.81,97755
518,1,22.530,21.923,42.81,97754
519,1,22.530,21.923,42.81,97754
520,1,22.530,21.923,42.78,97772
521,1,22.530,21.923,42.81,97771
522,1,22.530,21.923,42.78,97773
523,1,22.530,21.923,42.81,97772
524,1,22.530,21.923,42.81,97781
525,1,22.530,21.923,42.81,97777
526,1,22.530,21.923,42.81,97775
527,1,22.530,21.923,42.81,97779
528,1,22.530,21.923,42.81,97777
529,1,22.530,21.923,42.81,97782
530,1,22.530,21.923,42.81,97781
531,1,22.530,21.923,42.81,97778
532,1,22.530,21.923,42.81,97781
533,1,22.530,21.927,42.81,97777
534,1,22.530,21.923,42.81,97776
535,1,22.540,21.923,42.81,97776
536,1,22.530,21.923,42.81,97771
537,1,22.540,21.927,42.81,97770
538,1,22.540,21.923,42.81,97763
539,1,22.540,21.927,42.81,97751
540,1,22.540,21.923,42.81,97750
541,1,22.540,21.923,42.81,97747
542,1,22.540,21.923,42.81,97742
543,1,22.540,21.923,42.81,97747
544,1,22.540,21.923,42.81,97737
545,1,22.540,21.927,42.81,97743
546,1,22.540,21.923,42.81,97739
547,1,22.540,21.927,42.78,97742
548,1,22.540,21.923,42.81,97746
549,1,22.540,21.927,42.81,97748
550,1,22.540,21.923,42.81,97753
551,1,22.540,21.927,42.81,97744
552,1,22.540,21.927,42.81,97753
553,1,22.540,21.927,42.81,97747
554,1,22.540,21.927,42.81,97754
555,1,22.540,21.927,42.81,97755
556,1,22.540,21.927,42.81,97757
557,1,22.540,21.927,42.81,97750
558,1,22.540,21.927,42.81,97754
559,1,22.540,21.927,42.81,97743
560,1,22.540,21.927,42.81,97753
561,1,22.540,21.927,42.81,97757
562,1,22.540,21.927,42.81,97763
563,1,22.550,21.927,42.81,97756
564,1,22.550,21.927,42.81,97764
565,1,22.550,21.927,42.81,97756
566,1,22.550,21.927,42.81,97765
567,1,22.550,21.927,42.81,97770
568,1,22.550,21.927,42.81,97765
569,1,22.550,21.927,42.81,97765
570,1,22.550,21.927,42.81,97756
571,1,22.550,21.927,42.81,97760
572,1,22.550,21.927,42.81,97761
573,1,22.550,21.927,42.81,97758
574,1,22.550,21.927,42.81,97758
575,1,22.550,21.927,42.81,97756
576,1,22.550,21.927,42.81,97764
577,1,22.550,21.927,42.81,97772
578,1,22.550,21.927,42.81,97764
579,1,22.550,21.927,42.81,97774
580,1,22.550,21.927,42.81,97775
581,1,22.550,21.927,42.81,97766
582,1,22.550,21.927,42.81,97774
583,1,22.550,21.927,42.81,97776
584,1,22.550,21.927,42.81,97780
585,1,22.550,21.927,42.81,97789
586,1,22.550,21.927,42.81,97784
587,1,22.550,21.927,42.81,97791
588,1,22.550,21.927,42.81,97795
589,1,22.550,21.927,42.81,97791
590,1,22.550,21.927,42.81,97798
591,1,22.550,21.927,42.81,97787
592,1,22.550,21.927,42.81,97790
593,1,22.550,21.927,42.81,97800
594,1,22.550,21.927,42.81,97799
595,1,22.550,21.927,42.81,97784
596,1,22.550,21.927,42.81,97799
597,1,22.550,21.927,42.81,97785
598,1,22.550,21.927,42.81,97799
599,1,22.550,21.927,42.81,97801
600,1,22.550,21.927,42.81,97804
601,1,22.550,21.927,42.81,97792
602,1,22.550,21.927,42.81,97801
603,1,22.560,21.927,42.81,97813
604,1,22.560,21.927,42.81,97802
605,1,22.560,21.927,42.81,97810
606,1,22.560,21.927,42.81,97807
607,1,22.560,21.927,42.81,97805
608,1,22.560,21.927,42.81,97813
609,1,22.560,21.927,42.81,97829
610,1,22.560,21.927,42.81,97815
611,1,22.560,21.927,42.81,97808
612,1,22.560,21.927,42.81,97816
613,1,22.560,21.927,42.81,97827
614,1,22.560,21.927,42.81,97823
615,1,22.560,21.927,42.81,97836
616,1,22.560,21.927,42.81,97822
617,1,22.560,21.927,42.81,97831
618,1,22.560,21.927,42.81,97836
619,1,22.560,21.927,42.81,97837
620,1,22.560,21.927,42.81,97832
621,1,22.560,21.927,42.81,97835
622,1,22.560,21.927,42.81,97831
623,1,22.560,21.927,42.81,97837
624,1,22.560,21.927,42.81,97851
625,1,22.560,21.927,42.81,97844
626,1,22.560,21.927,42.81,97842
627,1,22.560,21.927,42.81,97843
628,1,22.560,21.927,42.81,97845
629,1,22.560,21.927,42.81,97842
630,1,22.560,21.927,42.81,97844
631,1,22.560,21.927,42.81,97850
632,1,22.560,21.927,42.81,97850
633,1,22.570,21.927,42.81,97854
634,1,22.560,21.927,42.81,97859
635,1,22.570,21.927,42.81,97871
636,1,22.570,21.927,42.81,97882
637,1,22.570,21.927,42.81,97875
638,1,22.570,21.927,42.81,97878
639,1,22.570,21.930,42.81,97880
640,1,22.570,21.927,42.81,97919
641,1,22.570,21.930,42.81,97936
642,1,22.570,21.930,42.81,97957
643,1,22.570,21.930,42.84,97969
644,1,22.570,21.930,42.81,97978
645,1,22.570,21.930,42.84,97978
646,1,22.570,21.930,42.84,98001
647,1,22.570,21.930,42.84,97998
648,1,22.570,21.930,42.84,98001
649,1,22.570,21.930,42.84,98017
650,1,22.570,21.930,42.84,98019
651,1,22.570,21.933,42.84,98038
652,1,22.570,21.930,42.84,98057
653,1,22.570,21.933,42.84,98059
654,1,22.570,21.930,42.84,98058
655,1,22.570,21.933,42.84,98065
656,1,22.570,21.930,42.84,98065
657,1,22.570,21.933,42.84,98070
658,1,22.570,21.930,42.84,98060
659,1,22.570,21.933,42.84,98067
660,1,22.570,21.930,42.84,98077
661,1,22.570,21.933,42.84,98074
662,1,22.570,21.933,42.84,98085
663,1,22.580,21.933,42.88,98094
664,1,22.570,21.933,42.84,98101
665,1,22.580,21.933,42.84,98092
666,1,22.580,21.933,42.84,98090
667,1,22.580,21.933,42.84,98098
668,1,22.580,21.930,42.84,98093
669,1,22.580,21.933,42.84,98112
670,1,22.580,21.933,42.84,98105
671,1,22.580,21.933,42.84,98141
672,1,22.580,21.933,42.84,98130
673,1,22.580,21.933,42.84,98098
674,1,22.580,21.933,42.84,98109
675,1,22.580,21.933,42.84,98115
676,1,22.580,21.933,42.84,98107
677,1,22.580,21.933,42.84,98107
678,1,22.580,21.933,42.84,98110
679,1,22.580,21.933,42.81,98103
680,1,22.580,21.933,42.84,98122
681,1,22.580,21.933,42.84,98117
682,1,22.580,21.933,42.84,98096
683,1,22.580,21.933,42.84,98099
684,1,22.580,21.933,42.81,98104
685,1,22.580,21.933,42.84,98101
686,1,22.580,21.933,42.84,98112
687,1,22.580,21.933,42.84,98117
688,1,22.580,21.933,42.81,98108
689,1,22.580,21.933,42.84,98104
690,1,22.580,21.933,42.81,98105
691,1,22.580,21.933,42.81,98102
692,1,22.580,21.937,42.84,98105
693,1,22.580,21.937,42.81,98102
694,1,22.580,21.937,42.84,98114
695,1,22.580,21.937,42.81,98121
696,1,22.580,21.937,42.84,98104
697,1,22.580,21.937,42.81,98116
698,1,22.580,21.933,42.84,98120
699,1,22.590,21.937,42.81,98120
700,1,22.590,21.937,42.81,98128
701,1,22.590,21.937,42.81,98120
702,1,22.590,21.937,42.84,98133
703,1,22.590,21.937,42.84,98131
704,1,22.590,21.937,42.84,98138
705,1,22.590,21.937,42.81,98124
706,1,22.590,21.937,42.84,98140
707,1,22.590,21.937,42.81,98140
708,1,22.590,21.937,42.84,98149
709,1,22.590,21.937,42.81,98142
710,1,22.590,21.937,42.84,98160
711,1,22.590,21.937,42.81,98150
712,1,22.590,21.937,42.84,98158
713,1,22.590,21.937,42.84,98170
714,1,22.590,21.937,42.84,98168
715,1,22.590,21.937,42.84,98180
716,1,22.590,21.937,42.84,98169
717,1,22.590,21.937,42.81,98186
718,1,22.590,21.937,42.84,98177
719,1,22.590,21.937,42.84,98179
720,1,22.590,21.937,42.84,98181
721,1,22.590,21.937,42.81,98201
722,1,22.590,21.937,42.81,98199
723,1,22.590,21.937,42.84,98206
724,1,22.590,21.937,42.84,98197
725,1,22.590,21.937,42.84,98216
726,1,22.590,21.937,42.84,98198
727,1,22.590,21.937,42.84,98202
728,1,22.590,21.937,42.81,98212
729,1,22.590,21.937,42.81,98200
730,1,22.590,21.937,42.84,98203
731,1,22.590,21.937,42.81,98196
732,1,22.590,21.937,42.84,98211
733,1,22.590,21.937,42.81,98193
734,1,22.590,21.937,42.81,98212
735,1,22.590,21.937,42.81,98218
736,1,22.590,21.937,42.84,98235
737,1,22.590,21.937,42.81,98232
738,1,22.590,21.937,42.81,98237
739,1,22.590,21.937,42.81,98226
740,1,22.590,21.937,42.81,98226
741,1,22.600,21.937,42.81,98212
742,1,22.590,21.937,42.81,98224
743,1,22.600,21.937,42.81,98228
744,1,22.590,21.937,42.81,98225
745,1,22.600,21.937,42.81,98240
746,1,22.600,21.937,42.81,98236
747,1,22.600,21.937,42.81,98222
748,1,22.600,21.937,42.81,98228
749,1,22.600,21.937,42.81,98248
750,1,22.600,21.937,42.84,98248
751,1,22.600,21.937,42.81,98247
752,1,22.600,21.937,42.81,98248
753,1,22.600,21.937,42.84,98255
754,1,22.600,21.937,42.81,98244
755,1,22.600,21.937,42.81,98251
756,1,22.600,21.937,42.81,98248
757,1,22.600,21.940,42.81,98252
758,1,22.600,21.937,42.81,98251
759,1,22.600,21.937,42.81,98237
760,1,22.600,21.937,42.81,98250
761,1,22.600,21.937,42.81,98259
762,1,22.600,21.937,42.81,98265
763,1,22.600,21.940,42.81,98267
764,1,22.600,21.940,42.81,98286
765,1,22.600,21.940,42.81,98282
766,1,22.600,21.940,42.81,98274
767,1,22.600,21.940,42.81,98279
768,1,22.600,21.940,42.81,98285
769,1,22.600,21.940,42.81,98273
770,1,22.600,21.940,42.81,98275
771,1,22.600,21.940,42.81,98277
772,1,22.600,21.940,42.81,98292
773,1,22.600,21.940,42.81,98291
774,1,22.600,21.940,42.81,98285
775,1,22.600,21.940,42.81,98296
776,1,22.600,21.940,42.81,98298
777,1,22.600,21.940,42.81,98296
778,1,22.600,21.940,42.81,98308
779,1,22.600,21.940,42.81,98311
780,1,22.600,21.940,42.81,98321
781,1,22.600,21.940,42.81,98326
782,1,22.600,21.940,42.81,98335
783,1,22.600,21.940,42.81,98343
784,1,22.600,21.940,42.81,98348
785,1,22.600,21.940,42.81,98351
786,1,22.600,21.940,42.81,98349
787,1,22.600,21.940,42.81,98356
788,1,22.600,21.940,42.81,98354
789,1,22.600,21.940,42.81,98358
790,1,22.600,21.940,42.81,98361
791,1,22.600,21.940,42.81,98355
792,1,22.600,21.940,42.81,98366
793,1,22.600,21.940,42.81,98376
794,1,22.600,21.940,42.81,98362
795,1,22.600,21.940,42.81,98385
796,1,22.600,21.940,42.81,98378
797,1,22.610,21.940,42.81,98364
798,1,22.610,21.940,42.81,98383
799,1,22.610,21.940,42.81,98387
800,1,22.610,21.940,42.81,98401
801,1,22.610,21.940,42.81,98391
802,1,22.610,21.940,42.81,98376
803,1,22.610,21.940,42.81,98392
804,1,22.610,21.940,42.81,98393
805,1,22.610,21.940,42.81,98403
806,1,22.610,21.940,42.81,98414
807,1,22.610,21.940,42.81,98397
808,1,22.610,21.940,42.81,98415
809,1,22.610,21.940,42.81,98402
810,1,22.610,21.940,42.81,98410
811,1,22.610,21.940,42.81,98429
812,1,22.610,21.940,42.81,98407
813,1,22.610,21.940,42.81,98412
814,1,22.610,21.940,42.81,98408
815,1,22.610,21.940,42.81,98407
816,1,22.610,21.940,42.81,98406
817,1,22.610,21.940,42.81,98403
818,1,22.610,21.940,42.81,98415
819,1,22.610,21.940,42.81,98427
820,1,22.610,21.940,42.81,98420
821,1,22.610,21.940,42.81,98420
822,1,22.610,21.940,42.81,98418
823,1,22.610,21.940,42.81,98422
824,1,22.610,21.940,42.81,98437
825,1,22.610,21.940,42.81,98430
826,1,22.610,21.940,42.81,98419
827,1,22.610,21.940,42.81,98422
828,1,22.610,21.940,42.81,98425
829,1,22.610,21.940,42.81,98416
830,1,22.610,21.940,42.81,98423
831,1,22.610,21.940,42.81,98416
832,1,22.610,21.940,42.81,98415
833,1,22.610,21.940,42.81,98418
834,1,22.610,21.940,42.81,98422
835,1,22.610,21.940,42.81,98435
836,1,22.610,21.940,42.81,98434
837,1,22.610,21.940,42.81,98434
838,1,22.610,21.940,42.81,98448
839,1,22.610,21.940,42.81,98438
840,1,22.610,21.940,42.81,98445
841,1,22.620,21.940,42.81,98451
842,1,22.620,21.940,42.81,98437
843,1,22.620,21.943,42.81,98438
844,1,22.620,21.940,42.81,98449
845,1,22.620,21.940,42.81,98435
846,1,22.620,21.940,42.81,98452
847,1,22.620,21.940,42.81,98437
848,1,22.620,21.940,42.81,98452
849,1,22.620,21.940,42.81,98447
850,1,22.620,21.940,42.81,98455
851,1,22.620,21.943,42.81,98462
852,1,22.620,21.940,42.81,98454
853,1,22.620,21.940,42.81,98460
854,1,22.620,21.940,42.81,98465
855,1,22.620,21.940,42.81,98476
856,1,22.620,21.940,42.81,98478
857,1,22.620,21.940,42.81,98471
858,1,22.620,21.940,42.81,98502
859,1,22.620,21.943,42.81,98517
860,1,22.620,21.940,42.81,98497
861,1,22.620,21.943,42.81,98513
862,1,22.620,21.940,42.81,98491
863,1,22.620,21.943,42.81,98512
864,1,22.620,21.940,42.81,98519
865,1,22.620,21.943,42.81,98512
866,1,22.620,21.940,42.81,98527
867,1,22.620,21.943,42.81,98520
868,1,22.620,21.940,42.81,98507
869,1,22.620,21.943,42.81,98528
870,1,22.620,21.940,42.81,98528
871,1,22.620,21.943,42.81,98541
872,1,22.620,21.940,42.81,98529
873,1,22.620,21.943,42.81,98526
874,1,22.620,21.940,42.81,98536
875,1,22.620,21.943,42.81,98539
876,1,22.620,21.940,42.81,98531
877,1,22.620,21.943,42.81,98530
878,1,22.620,21.940,42.81,98560
879,1,22.620,21.943,42.81,98556
880,1,22.620,21.940,42.81,98546
881,1,22.620,21.943,42.81,98541
882,1,22.620,21.940,42.81,98537
883,1,22.620,21.943,42.81,98547
884,1,22.620,21.940,42.81,98568
885,1,22.620,21.943,42.81,98557
886,1,22.620,21.940,42.81,98557
887,1,22.620,21.943,42.81,98560
888,1,22.620,21.940,42.81,98573
889,1,22.620,21.947,42.81,98566
890,1,22.620,21.940,42.81,98569
891,1,22.620,21.947,42.81,98578
892,1,22.620,21.940,42.81,98583
893,1,22.620,21.947,42.81,98594
894,1,22.620,21.943,42.81,98606
895,1,22.620,21.947,42.81,98589
896,1,22.620,21.943,42.81,98603
897,1,22.620,21.947,42.81,98586
898,1,22.620,21.943,42.81,98596
899,1,22.620,21.947,42.81,98617
900,1,22.620,21.943,42.81,98602
901,1,22.620,21.947,42.81,98604
902,1,22.620,21.943,42.81,98607
903,1,22.630,21.947,42.81,98595
904,1,22.630,21.943,42.81,98588
905,1,22.630,21.947,42.81,98589
906,1,22.630,21.947,42.81,98597
907,1,22.630,21.947,42.81,98611
908,1,22.630,21.947,42.81,98613
909,1,22.630,21.947,42.81,98635
910,1,22.630,21.947,42.81,98612
911,1,22.630,21.947,42.81,98611
912,1,22.630,21.947,42.81,98615
913,1,22.630,21.947,42.81,98616
914,1,22.630,21.947,42.81,98615
915,1,22.630,21.947,42.81,98625
916,1,22.630,21.947,42.81,98605
917,1,22.630,21.947,42.81,98638
918,1,22.630,21.947,42.81,98626
919,1,22.630,21.947,42.81,98627
920,1,22.630,21.947,42.81,98628
921,1,22.630,21.947,42.81,98626
922,1,22.630,21.947,42.81,98636
923,1,22.630,21.947,42.81,98625
924,1,22.630,21.947,42.81,98655
925,1,22.630,21.947,42.81,98654
926,1,22.630,21.947,42.81,98640
927,1,22.630,21.947,42.81,98631
928,1,22.630,21.947,42.81,98657
929,1,22.630,21.947,42.81,98664
930,1,22.630,21.947,42.81,98664
931,1,22.640,21.947,42.81,98684
932,1,22.640,21.947,42.81,98677
933,1,22.640,21.947,42.81,98693
934,1,22.640,21.947,42.81,98699
935,1,22.640,21.947,42.81,98669
936,1,22.640,21.947,42.81,98683
937,1,22.640,21.947,42.81,98676
938,1,22.640,21.947,42.81,98701
939,1,22.640,21.947,42.81,98697
940,1,22.640,21.947,42.84,98709
941,1,22.640,21.947,42.81,98705
942,1,22.640,21.947,42.81,98710
943,1,22.640,21.947,42.81,98714
944,1,22.640,21.947,42.81,98729
945,1,22.640,21.947,42.81,98700
946,1,22.640,21.947,42.81,98724
947,1,22.640,21.947,42.81,98730
948,1,22.640,21.947,42.81,98731
949,1,22.640,21.947,42.84,98748
950,1,22.640,21.947,42.81,98745
951,1,22.640,21.947,42.84,98737
952,1,22.640,21.947,42.81,98770
953,1,22.640,21.947,42.81,98746
954,1,22.640,21.947,42.81,98753
955,1,22.640,21.947,42.81,98775
956,1,22.640,21.947,42.84,98748
957,1,22.640,21.947,42.84,98782
958,1,22.640,21.947,42.84,98784
959,1,22.640,21.947,42.84,98768
960,1,22.640,21.947,42.81,98792
961,1,22.640,21.947,42.84,98795
962,1,22.640,21.947,42.84,98771
963,1,22.640,21.947,42.84,98770
964,1,22.640,21.947,42.81,98779
965,1,22.640,21.947,42.84,98787
966,1,22.640,21.947,42.84,98768
967,1,22.640,21.947,42.81,98785
968,1,22.640,21.947,42.84,98789
969,1,22.640,21.947,42.84,98796
970,1,22.640,21.947,42.84,98785
971,1,22.640,21.947,42.81,98804
972,1,22.640,21.947,42.81,98800
973,1,22.640,21.947,42.84,98801
974,1,22.640,21.947,42.81,98805
975,1,22.640,21.947,42.81,98801
976,1,22.640,21.947,42.84,98818
977,1,22.650,21.947,42.84,98809
978,1,22.640,21.947,42.84,98831
979,1,22.650,21.947,42.84,98820
980,1,22.650,21.947,42.84,98820
981,1,22.650,21.947,42.84,98827
982,1,22.650,21.947,42.84,98823
983,1,22.650,21.947,42.81,98818
984,1,22.650,21.947,42.81,98831
985,1,22.650,21.950,42.84,98839
986,1,22.650,21.947,42.84,98815
987,1,22.650,21.950,42.84,98851
988,1,22.650,21.947,42.81,98845
989,1,22.650,21.950,42.81,98839
990,1,22.650,21.947,42.81,98871
991,1,22.650,21.950,42.81,98844
992,1,22.650,21.947,42.81,98848
993,1,22.650,21.950,42.81,98836
994,1,22.650,21.950,42.81,98837
995,1,22.650,21.950,42.81,98841
996,1,22.650,21.950,42.81,98857
997,1,22.650,21.950,42.81,98860
998,1,22.650,21.950,42.81,98860
999,1,22.650,21.950,42.81,98855
1000,1,22.650,21.950,42.81,98846
1001,1,22.660,21.950,42.81,98891
1002,1,22.660,21.950,42.81,98887
1003,2,22.660,21.947,42.81,98865
1004,2,22.660,21.943,42.81,98861
1005,2,22.660,21.943,42.81,98860
1006,2,22.660,21.943,42.81,98871
1007,2,22.660,21.943,42.81,98894
1008,2,22.660,21.943,42.81,98890
1009,2,22.660,21.943,42.81,98887
1010,2,22.660,21.943,42.81,98901
1011,2,22.660,21.943,42.85,98891
1012,2,22.650,21.940,42.81,98868
1013,2,22.650,21.940,42.81,98889
1014,2,22.650,21.940,42.81,98883
1015,2,22.650,21.940,42.81,98872
1016,2,22.640,21.940,42.84,98872
1017,2,22.640,21.940,42.84,98884
1018,2,22.640,21.940,42.84,98884
1019,2,22.640,21.940,42.85,98889
1020,2,22.630,21.940,42.84,98897
1021,2,22.630,21.940,42.84,98877
1022,2,22.630,21.940,42.81,98888
1023,2,22.620,21.940,42.84,98880
1024,2,22.620,21.940,42.84,98881
1025,2,22.620,21.940,42.84,98878
1026,2,22.610,21.937,42.84,98891
1027,2,22.610,21.940,42.84,98883
1028,2,22.610,21.933,42.88,98879
1029,2,22.610,21.933,42.88,98889
1030,2,22.600,21.933,42.87,98883
1031,2,22.600,21.933,42.87,98895
1032,2,22.600,21.933,42.84,98900
1033,2,22.600,21.933,42.84,98907
1034,2,22.590,21.933,42.84,98895
1035,2,22.590,21.933,42.88,98915
1036,2,22.590,21.933,42.87,98899
1037,2,22.590,21.933,42.84,98898
1038,2,22.580,21.933,42.87,98901
1039,2,22.580,21.933,42.87,98911
1040,2,22.580,21.933,42.87,98908
1041,2,22.580,21.933,42.87,98905
1042,2,22.570,21.933,42.87,98909
1043,2,22.570,21.933,42.87,98894
1044,2,22.570,21.933,42.87,98920
1045,2,22.570,21.933,42.87,98919
1046,2,22.560,21.933,42.87,98902
1047,2,22.560,21.933,42.87,98910
1048,2,22.560,21.930,42.87,98901
1049,2,22.560,21.933,42.87,98909
1050,2,22.560,21.930,42.88,98916
1051,2,22.550,21.933,42.87,98919
1052,2,22.550,21.923,42.87,98900
1053,2,22.550,21.923,42.87,98918
1054,2,22.550,21.923,42.87,98909
1055,2,22.550,21.923,42.87,98917
1056,2,22.540,21.923,42.87,98924
1057,2,22.540,21.923,42.87,98919
1058,2,22.540,21.923,42.87,98914
1059,2,22.540,21.923,42.87,98910
1060,2,22.540,21.923,42.87,98912
1061,2,22.540,21.923,42.87,98909
1062,2,22.530,21.923,42.87,98912
1063,2,22.530,21.923,42.87,98915
1064,2,22.530,21.923,42.87,98910
1065,2,22.530,21.923,42.87,98916
1066,2,22.530,21.923,42.87,98922
1067,2,22.530,21.923,42.87,98910
1068,2,22.520,21.923,42.87,98926
1069,2,22.520,21.923,42.87,98929
1070,2,22.520,21.923,42.87,98905
1071,2,22.520,21.923,42.87,98950
1072,2,22.520,21.923,42.87,98927
1073,2,22.520,21.923,42.87,98924
1074,2,22.520,21.923,42.87,98926
1075,2,22.520,21.923,42.87,98924
1076,2,22.510,21.923,42.87,98923
1077,2,22.510,21.923,42.87,98924
1078,2,22.510,21.920,42.87,98926
1079,2,22.510,21.923,42.87,98929
1080,2,22.510,21.923,42.91,98919
1081,2,22.510,21.923,42.91,98916
1082,2,22.510,21.920,42.87,98948
1083,2,22.510,21.920,42.87,98925
1084,2,22.510,21.917,42.87,98934
1085,2,22.510,21.920,42.91,98923
1086,2,22.500,21.917,42.91,98943
1087,2,22.500,21.917,42.87,98923
1088,2,22.500,21.917,42.87,98928
1089,2,22.500,21.917,42.91,98925
1090,2,22.500,21.917,42.91,98942
1091,2,22.500,21.917,42.91,98933
1092,2,22.500,21.917,42.87,98934
1093,2,22.500,21.917,42.91,98934
1094,2,22.500,21.917,42.87,98936
1095,2,22.500,21.917,42.90,98930
1096,2,22.500,21.913,42.91,98927
1097,2,22.500,21.913,42.91,98921
1098,2,22.490,21.913,42.87,98942
1099,2,22.490,21.913,42.91,98942
1100,2,22.490,21.913,42.91,98935
1101,2,22.490,21.913,42.90,98936
1102,2,22.490,21.913,42.91,98941
1103,2,22.490,21.913,42.91,98946
1104,2,22.490,21.913,42.91,98941
1105,2,22.490,21.913,42.90,98935
1106,2,22.490,21.913,42.90,98936
1107,2,22.490,21.913,42.90,98939
1108,2,22.490,21.913,42.91,98937
1109,2,22.490,21.913,42.91,98942
1110,2,22.490,21.913,42.91,98943
1111,2,22.490,21.913,42.91,98950
1112,2,22.490,21.913,42.90,98951
1113,2,22.490,21.913,42.91,98946
1114,2,22.490,21.913,42.90,98951
1115,2,22.490,21.913,42.94,98959
1116,2,22.480,21.913,42.91,98949
1117,2,22.480,21.913,42.94,98949
1118,2,22.480,21.913,42.91,98955
1119,2,22.480,21.913,42.91,98951
1120,2,22.480,21.913,42.91,98955
1121,2,22.480,21.913,42.91,98962
1122,2,22.480,21.913,42.91,98956
1123,2,22.480,21.913,42.90,98955
1124,2,22.480,21.913,42.94,98957
1125,2,22.480,21.913,42.90,98950
1126,2,22.480,21.913,42.90,98954
1127,2,22.480,21.913,42.90,98980
1128,2,22.480,21.913,42.94,98970
1129,2,22.480,21.913,42.94,98977
1130,2,22.480,21.913,42.94,98975
1131,2,22.480,21.913,42.94,98978
1132,2,22.480,21.910,42.94,98977
1133,2,22.480,21.910,42.94,98981
1134,2,22.480,21.907,42.90,98975
1135,2,22.480,21.913,42.90,98978
1136,2,22.480,21.907,42.94,98974
1137,2,22.480,21.910,42.94,98986
1138,2,22.480,21.907,42.94,98984
1139,2,22.480,21.907,42.94,98987
1140,2,22.480,21.907,42.94,98980
1141,2,22.480,21.907,42.94,98986
1142,2,22.470,21.907,42.94,98995
1143,2,22.480,21.907,42.94,98993
1144,2,22.470,21.907,42.94,98989
1145,2,22.470,21.907,42.94,98984
1146,2,22.470,21.907,42.94,98997
1147,2,22.470,21.907,42.94,98994
1148,2,22.470,21.907,42.94,99007
1149,2,22.470,21.907,42.94,99004
1150,2,22.470,21.907,42.94,98996
1151,2,22.470,21.907,42.94,98992
1152,2,22.470,21.907,42.94,98995
1153,2,22.470,21.903,42.94,98998
1154,2,22.470,21.903,42.94,99001
1155,2,22.470,21.903,42.90,99002
1156,2,22.470,21.903,42.94,98996
1157,2,22.470,21.903,42.94,99002
1158,2,22.470,21.903,42.90,98998
1159,2,22.470,21.903,42.94,99010
1160,2,22.470,21.903,42.94,99006
1161,2,22.470,21.903,42.94,99006
1162,2,22.470,21.903,42.94,99012
1163,2,22.470,21.903,42.94,99021
1164,2,22.470,21.903,42.94,99019
1165,2,22.470,21.903,42.94,99010
1166,2,22.470,21.903,42.94,99026
1167,2,22.470,21.903,42.94,99018
1168,2,22.470,21.903,42.94,99021
1169,2,22.470,21.903,42.94,99024
1170,2,22.470,21.903,42.94,99028
1171,2,22.470,21.903,42.94,99033
1172,2,22.470,21.903,42.94,99027
1173,2,22.470,21.903,42.94,99027
1174,2,22.470,21.903,42.94,99024
1175,2,22.470,21.903,42.94,99030
1176,2,22.470,21.903,42.94,99032
1177,2,22.470,21.903,42.94,99031
1178,2,22.470,21.903,42.94,99033
1179,2,22.470,21.903,42.94,99037
1180,2,22.470,21.903,42.94,99042
1181,2,22.470,21.903,42.94,99050
1182,2,22.470,21.903,42.94,99038
1183,2,22.470,21.903,42.94,99041
1184,2,22.470,21.903,42.94,99049
1185,2,22.470,21.903,42.94,99051
1186,2,22.470,21.903,42.94,99058
1187,2,22.470,21.903,42.94,99051
1188,2,22.470,21.903,42.94,99059
1189,2,22.470,21.903,42.94,99058
1190,2,22.470,21.903,42.94,99070
1191,2,22.470,21.903,42.94,99058
1192,2,22.470,21.903,42.94,99059
1193,2,22.470,21.903,42.94,99072
1194,2,22.470,21.903,42.94,99069
1195,2,22.470,21.903,42.94,99061
1196,2,22.470,21.903,42.94,99057
1197,2,22.470,21.903,42.94,99059
1198,2,22.470,21.903,42.94,99059
1199,2,22.470,21.903,42.94,99059
1200,2,22.470,21.903,42.94,99060
1201,2,22.470,21.903,42.94,99061
1202,2,22.470,21.903,42.94,99067
1203,2,22.470,21.903,42.94,99063
1204,2,22.470,21.903,42.94,99062
1205,2,22.470,21.903,42.94,99068
1206,2,22.470,21.903,42.94,99078
1207,2,22.470,21.903,42.94,99074
1208,2,22.470,21.903,42.94,99072
1209,2,22.470,21.903,42.94,99083
1210,2,22.470,21.903,42.94,99088
1211,2,22.470,21.903,42.94,99097
1212,2,22.470,21.903,42.94,99089
1213,2,22.470,21.903,42.94,99095
1214,2,22.470,21.903,42.94,99100
1215,2,22.470,21.903,42.94,99102
1216,2,22.470,21.903,42.94,99106
1217,2,22.470,21.903,42.94,99103
1218,2,22.470,21.903,42.94,99097
1219,2,22.470,21.903,42.94,99108
1220,2,22.470,21.903,42.94,99114
1221,2,22.470,21.903,42.94,99110
1222,2,22.470,21.903,42.94,99107
1223,2,22.470,21.903,42.94,99110
1224,2,22.470,21.903,42.94,99110
1225,2,22.470,21.903,42.94,99112
1226,2,22.470,21.903,42.94,99115
1227,2,22.470,21.903,42.94,99120
1228,2,22.470,21.903,42.94,99122
1229,2,22.470,21.903,42.94,99131
1230,2,22.470,21.903,42.94,99119
1231,2,22.470,21.903,42.94,99136
1232,2,22.470,21.903,42.94,99134
1233,2,22.470,21.903,42.94,99140
1234,2,22.470,21.903,42.94,99135
1235,2,22.470,21.903,42.94,99146
1236,2,22.470,21.903,42.94,99139
1237,2,22.470,21.903,42.94,99136
1238,2,22.470,21.903,42.94,99146
1239,2,22.470,21.903,42.94,99145
1240,2,22.470,21.903,42.94,99139
1241,2,22.470,21.903,42.94,99143
1242,2,22.470,21.903,42.94,99143
1243,2,22.470,21.903,42.94,99146
1244,2,22.470,21.903,42.94,99149
1245,2,22.470,21.903,42.94,99146
1246,2,22.470,21.903,42.94,99151
1247,2,22.470,21.903,42.94,99162
1248,2,22.470,21.903,42.94,99165
1249,2,22.470,21.903,42.97,99165
1250,2,22.470,21.903,42.94,99166
1251,2,22.470,21.903,42.94,99166
1252,2,22.470,21.903,42.94,99161
1253,2,22.470,21.903,42.94,99163
1254,2,22.470,21.903,42.94,99162
1255,2,22.470,21.903,42.94,99173
1256,2,22.470,21.903,42.94,99157
1257,2,22.470,21.903,42.94,99171
1258,2,22.470,21.903,42.94,99164
1259,2,22.470,21.903,42.97,99174
1260,2,22.470,21.903,42.94,99167
1261,2,22.470,21.903,42.94,99169
1262,2,22.470,21.903,42.94,99169
1263,2,22.470,21.903,42.94,99171
1264,2,22.470,21.903,42.94,99171
1265,2,22.470,21.903,42.94,99172
1266,2,22.470,21.903,42.94,99173
1267,2,22.470,21.903,42.94,99162
1268,2,22.470,21.903,42.94,99171
1269,2,22.470,21.903,42.97,99171
1270,2,22.470,21.903,42.94,99174
1271,2,22.470,21.903,42.97,99178
1272,2,22.470,21.903,42.97,99181
1273,2,22.470,21.903,42.94,99177
1274,2,22.470,21.903,42.97,99183
1275,2,22.470,21.903,42.97,99191
1276,2,22.470,21.903,42.97,99189
1277,2,22.470,21.903,42.97,99187
1278,2,22.470,21.903,42.97,99189
1279,2,22.470,21.903,42.97,99189
1280,2,22.470,21.903,42.94,99186
1281,2,22.470,21.903,42.97,99193
1282,2,22.470,21.903,42.97,99194
1283,2,22.470,21.903,42.94,99190
1284,2,22.470,21.903,42.97,99193
1285,2,22.470,21.903,42.97,99192
1286,2,22.470,21.903,42.94,99188
1287,2,22.470,21.903,42.97,99198
1288,2,22.470,21.903,42.97,99196
1289,2,22.480,21.903,42.97,99201
1290,2,22.470,21.903,42.97,99194
1291,2,22.480,21.903,42.97,99196
1292,2,22.470,21.903,42.94,99195
1293,2,22.480,21.903,42.97,99191
1294,2,22.470,21.903,42.94,99196
1295,2,22.480,21.903,42.94,99198
1296,2,22.480,21.903,42.97,99203
1297,2,22.480,21.903,42.97,99203
1298,2,22.480,21.903,42.97,99197
1299,2,22.480,21.903,42.97,99206
1300,2,22.480,21.903,42.97,99202
1301,2,22.480,21.903,42.97,99201
1302,2,22.480,21.903,42.94,99197
1303,2,22.480,21.903,42.97,99205
1304,2,22.480,21.903,42.94,99198
1305,2,22.480,21.903,42.94,99203
1306,2,22.480,21.903,42.97,99203
1307,2,22.480,21.903,42.94,99191
1308,2,22.480,21.903,42.97,99197
1309,2,22.480,21.903,42.94,99197
1310,2,22.480,21.903,42.94,99198
1311,2,22.480,21.903,42.94,99202
1312,2,22.480,21.903,42.94,99202
1313,2,22.480,21.903,42.97,99205
1314,2,22.480,21.903,42.94,99210
1315,2,22.480,21.903,42.97,99206
1316,2,22.480,21.903,42.97,99211
1317,2,22.480,21.903,42.94,99208
1318,2,22.480,21.903,42.94,99206
1319,2,22.480,21.903,42.97,99205
1320,2,22.480,21.903,42.97,99206
1321,2,22.480,21.903,42.97,99211
1322,2,22.480,21.903,42.97,99216
1323,2,22.480,21.903,42.97,99214
1324,2,22.480,21.903,42.94,99215
1325,2,22.480,21.903,42.97,99212
1326,2,22.480,21.903,42.94,99211
1327,2,22.480,21.903,42.94,99214
1328,2,22.480,21.903,42.97,99207
1329,2,22.480,21.903,42.97,99213
1330,2,22.480,21.903,42.97,99212
1331,2,22.480,21.903,42.97,99209
1332,2,22.480,21.903,42.94,99211
1333,2,22.480,21.903,42.97,99220
1334,2,22.480,21.903,42.94,99209
1335,2,22.480,21.903,42.94,99203
1336,2,22.480,21.903,42.97,99207
1337,2,22.480,21.903,42.97,99202
1338,2,22.480,21.903,42.94,99205
1339,2,22.480,21.903,42.94,99207
1340,2,22.480,21.903,42.97,99203
1341,2,22.480,21.903,42.97,99208
1342,2,22.480,21.903,42.97,99204
1343,2,22.480,21.903,42.94,99206
1344,2,22.480,21.903,42.97,99206
1345,2,22.480,21.903,42.97,99210
1346,2,22.480,21.903,42.94,99203
1347,2,22.480,21.903,42.97,99206
1348,2,22.480,21.903,42.97,99214
1349,2,22.480,21.903,42.97,99218
1350,2,22.480,21.903,42.97,99218
1351,2,22.480,21.903,42.97,99224
1352,2,22.480,21.903,42.97,99219
1353,2,22.480,21.903,42.97,99218
1354,2,22.480,21.903,42.97,99220
1355,2,22.480,21.903,42.97,99226
1356,2,22.480,21.903,42.97,99227
1357,2,22.480,21.903,42.97,99234
1358,2,22.480,21.903,42.97,99230
1359,2,22.480,21.903,42.97,99220
1360,2,22.480,21.903,42.97,99212
1361,2,22.480,21.903,42.97,99225
1362,2,22.480,21.903,42.97,99221
1363,2,22.480,21.903,42.97,99220
1364,2,22.480,21.903,42.97,99221
1365,2,22.480,21.903,42.97,99220
1366,2,22.480,21.903,42.97,99216
1367,2,22.480,21.903,42.97,99208
1368,2,22.480,21.903,42.97,99211
1369,2,22.480,21.903,42.97,99213
1370,2,22.480,21.903,42.97,99217
1371,2,22.480,21.903,42.97,99220
1372,2,22.480,21.903,42.97,99218
1373,2,22.480,21.900,42.97,99213
1374,2,22.480,21.900,42.94,99211
1375,2,22.480,21.903,42.97,99211
1376,2,22.480,21.900,42.97,99214
1377,2,22.480,21.903,42.94,99211
1378,2,22.480,21.903,42.97,99219
1379,2,22.480,21.903,42.97,99216
1380,2,22.480,21.903,42.97,99220
1381,2,22.480,21.903,42.94,99215
1382,2,22.480,21.903,42.97,99220
1383,2,22.480,21.903,42.97,99217
1384,2,22.480,21.900,42.97,99219
1385,2,22.480,21.903,42.97,99222
1386,2,22.480,21.903,42.97,99220
1387,2,22.480,21.903,42.97,99216
1388,2,22.480,21.903,42.97,99217
1389,2,22.480,21.903,42.97,99214
1390,2,22.480,21.903,42.97,99216
1391,2,22.480,21.903,42.97,99212
1392,2,22.480,21.903,42.97,99216
1393,2,22.480,21.903,42.97,99218
1394,2,22.480,21.903,42.94,99210
1395,2,22.480,21.903,42.94,99213
1396,2,22.480,21.903,42.97,99209
1397,2,22.480,21.903,42.94,99208
1398,2,22.480,21.903,42.94,99209
1399,2,22.480,21.903,42.97,99210
1400,2,22.480,21.903,42.94,99216
1401,2,22.480,21.903,42.94,99210
1402,2,22.480,21.903,42.97,99213
1403,2,22.480,21.903,42.94,99213
1404,2,22.480,21.903,42.94,99215
1405,2,22.480,21.903,42.94,99220
1406,2,22.480,21.903,42.94,99214
1407,2,22.480,21.903,42.97,99209
1408,2,22.480,21.903,42.94,99209
1409,2,22.480,21.903,42.94,99199
1410,2,22.480,21.903,42.94,99202
1411,2,22.480,21.903,42.94,99204
1412,2,22.480,21.903,42.94,99192
1413,2,22.480,21.903,42.94,99191
1414,2,22.480,21.903,42.94,99195
1415,2,22.480,21.903,42.94,99193
1416,2,22.480,21.903,42.94,99191
1417,2,22.480,21.903,42.94,99197
1418,2,22.480,21.903,42.94,99197
1419,2,22.490,21.903,42.94,99193
1420,2,22.480,21.903,42.94,99201
1421,2,22.490,21.903,42.94,99203
1422,2,22.480,21.903,42.94,99202
1423,2,22.490,21.903,42.94,99206
1424,2,22.480,21.903,42.94,99202
1425,2,22.490,21.903,42.94,99205
1426,2,22.490,21.903,42.94,99204
1427,2,22.490,21.903,42.94,99199
1428,2,22.490,21.903,42.94,99198
1429,2,22.490,21.903,42.94,99198
1430,2,22.490,21.903,42.94,99194
1431,2,22.490,21.903,42.94,99191
1432,2,22.490,21.903,42.94,99180
1433,2,22.490,21.903,42.94,99182
1434,2,22.490,21.903,42.94,99184
1435,2,22.490,21.903,42.94,99174
1436,2,22.490,21.903,42.94,99169
1437,2,22.490,21.903,42.94,99173
1438,2,22.490,21.903,42.94,99172
1439,2,22.490,21.903,42.94,99165
1440,2,22.490,21.903,42.94,99168
1441,2,22.490,21.903,42.94,99172
1442,2,22.490,21.903,42.94,99163
1443,2,22.490,21.903,42.94,99174
1444,2,22.490,21.903,42.94,99175
1445,2,22.490,21.903,42.94,99175
1446,2,22.490,21.903,42.94,99178
1447,2,22.490,21.903,42.94,99178
1448,2,22.490,21.903,42.94,99173
1449,2,22.490,21.903,42.94,99170
1450,2,22.490,21.903,42.94,99171
1451,2,22.490,21.903,42.94,99168
1452,2,22.490,21.903,42.94,99175
1453,2,22.490,21.903,42.94,99174
1454,2,22.490,21.903,42.97,99174
1455,2,22.490,21.903,42.94,99171
1456,2,22.490,21.903,42.94,99176
1457,2,22.490,21.903,42.94,99180
1458,2,22.490,21.903,42.94,99179
1459,2,22.490,21.903,42.94,99184
1460,2,22.490,21.903,42.94,99188
1461,2,22.490,21.903,42.94,99184
1462,2,22.490,21.903,42.94,99187
1463,2,22.490,21.903,42.94,99181
1464,2,22.490,21.903,42.94,99173
1465,2,22.490,21.903,42.94,99179
1466,2,22.490,21.903,42.94,99173
1467,2,22.490,21.903,42.94,99172
1468,2,22.490,21.903,42.94,99163
1469,2,22.490,21.903,42.94,99164
1470,2,22.490,21.903,42.94,99155
1471,2,22.490,21.903,42.94,99157
1472,2,22.490,21.903,42.94,99157
1473,2,22.490,21.903,42.94,99160
1474,2,22.490,21.903,42.94,99147
1475,2,22.490,21.903,42.94,99152
1476,2,22.490,21.903,42.94,99149
1477,2,22.490,21.903,42.94,99142
1478,2,22.490,21.903,42.94,99139
1479,2,22.490,21.903,42.94,99132
1480,2,22.490,21.903,42.94,99141
1481,2,22.490,21.903,42.94,99135
1482,2,22.490,21.903,42.94,99141
1483,2,22.500,21.903,42.94,99131
1484,2,22.490,21.903,42.94,99135
1485,2,22.500,21.903,42.94,99127
1486,2,22.500,21.903,42.94,99116
1487,2,22.500,21.903,42.94,99119
1488,2,22.500,21.903,42.94,99117
1489,2,22.500,21.903,42.94,99114
1490,2,22.500,21.903,42.94,99110
1491,2,22.500,21.903,42.94,99117
1492,2,22.500,21.903,42.94,99117
1493,2,22.500,21.907,42.94,99115
1494,2,22.500,21.903,42.94,99110
1495,2,22.500,21.907,42.91,99109
1496,2,22.500,21.903,42.91,99109
1497,2,22.500,21.907,42.91,99099
1498,2,22.500,21.903,42.94,99103
1499,2,22.500,21.907,42.91,99099
1500,2,22.500,21.903,42.94,99099
1501,2,22.500,21.907,42.91,99095
1502,2,22.500,21.903,42.91,99096
1503,2,22.500,21.907,42.94,99087
1504,2,22.500,21.907,42.94,99094
1505,2,22.500,21.907,42.94,99097
1506,2,22.500,21.907,42.91,99090
1507,2,22.500,21.907,42.91,99088
1508,2,22.500,21.907,42.91,99076
1509,2,22.510,21.907,42.91,99074
1510,2,22.500,21.907,42.91,99078
1511,2,22.510,21.907,42.91,99085
1512,2,22.510,21.907,42.94,99075
1513,2,22.510,21.907,42.94,99076
1514,2,22.510,21.907,42.94,99073
1515,2,22.510,21.907,42.91,99074
1516,2,22.510,21.907,42.91,99075
1517,2,22.510,21.907,42.91,99073
1518,2,22.510,21.907,42.91,99075
1519,2,22.510,21.907,42.91,99062
1520,2,22.510,21.907,42.94,99062
1521,2,22.510,21.907,42.91,99068
1522,2,22.510,21.907,42.91,99058
1523,2,22.510,21.907,42.91,99055
1524,2,22.510,21.907,42.91,99055
1525,2,22.510,21.907,42.91,99052
1526,2,22.510,21.907,42.91,99048
1527,2,22.510,21.907,42.91,99054
1528,2,22.510,21.907,42.91,99054
1529,2,22.510,21.907,42.91,99054
1530,2,22.510,21.907,42.91,99052
1531,2,22.510,21.907,42.91,99044
1532,2,22.510,21.907,42.91,99050
1533,2,22.510,21.907,42.91,99051
1534,2,22.510,21.907,42.91,99054
1535,2,22.520,21.907,42.91,99056
1536,2,22.510,21.907,42.91,99059
1537,2,22.520,21.910,42.91,99051
1538,2,22.520,21.907,42.91,99053
1539,2,22.520,21.910,42.94,99044
1540,2,22.520,21.907,42.91,99050
1541,2,22.520,21.910,42.91,99044
1542,2,22.520,21.907,42.91,99038
1543,2,22.520,21.910,42.91,99041
1544,2,22.520,21.907,42.91,99035
1545,2,22.520,21.910,42.91,99045
1546,2,22.520,21.907,42.91,99037
1547,2,22.520,21.910,42.91,99033
1548,2,22.520,21.910,42.91,99037
1549,2,22.520,21.910,42.91,99031
1550,2,22.520,21.910,42.91,99025
1551,2,22.520,21.910,42.91,99025
1552,2,22.520,21.910,42.91,99029
1553,2,22.520,21.910,42.91,99029
1554,2,22.520,21.910,42.91,99025
1555,2,22.520,21.910,42.91,99020
1556,2,22.520,21.910,42.91,99023
1557,2,22.520,21.910,42.91,99022
1558,2,22.520,21.910,42.91,99017
1559,2,22.530,21.910,42.91,99023
1560,2,22.520,21.910,42.91,99026
1561,2,22.530,21.910,42.91,99020
1562,2,22.530,21.910,42.91,99025
1563,2,22.530,21.910,42.91,99023
1564,2,22.530,21.910,42.91,99031
1565,2,22.530,21.910,42.91,99030
1566,2,22.530,21.910,42.91,99017
1567,2,22.530,21.910,42.91,99014
1568,2,22.530,21.910,42.91,99020
1569,2,22.530,21.910,42.91,99020
1570,2,22.530,21.910,42.91,99024
1571,2,22.530,21.910,42.91,99016
1572,2,22.530,21.910,42.91,99020
1573,2,22.530,21.910,42.91,99016
1574,2,22.530,21.910,42.91,99014
1575,2,22.530,21.910,42.91,99021
1576,2,22.530,21.910,42.91,99012
1577,2,22.530,21.910,42.91,99017
1578,2,22.530,21.910,42.91,99016
1579,2,22.530,21.913,42.91,99005
1580,2,22.530,21.910,42.91,99001
1581,2,22.530,21.913,42.91,99004
1582,2,22.530,21.910,42.91,99011
1583,2,22.530,21.913,42.91,99010
1584,2,22.530,21.910,42.91,99015
1585,2,22.530,21.913,42.91,99015
1586,2,22.530,21.910,42.91,99008
1587,2,22.530,21.913,42.94,99012
1588,2,22.530,21.913,42.91,99006
1589,2,22.530,21.913,42.91,98997
1590,2,22.530,21.913,42.91,98991
1591,2,22.530,21.913,42.91,98979
1592,2,22.530,21.913,42.91,98978
1593,2,22.530,21.913,42.91,98976
1594,2,22.530,21.913,42.91,98975
1595,2,22.540,21.913,42.91,98980
1596,2,22.540,21.913,42.91,98965
1597,2,22.540,21.913,42.91,98967
1598,2,22.540,21.913,42.91,98963
1599,2,22.540,21.917,42.87,98970
1600,2,22.540,21.917,42.91,98971
1601,2,22.540,21.917,42.87,98970
1602,2,22.540,21.917,42.91,98963
1603,2,22.540,21.917,42.91,98951
1604,2,22.540,21.917,42.87,98960
1605,2,22.540,21.917,42.91,98954
1606,2,22.540,21.917,42.91,98953
1607,2,22.540,21.917,42.91,98958
1608,2,22.540,21.917,42.87,98957
1609,2,22.540,21.917,42.91,98951
1610,2,22.540,21.917,42.87,98945
1611,2,22.540,21.917,42.91,98947
1612,2,22.540,21.917,42.87,98939
1613,2,22.540,21.917,42.87,98936
1614,2,22.540,21.917,42.91,98946
1615,2,22.540,21.917,42.91,98944
1616,2,22.540,21.917,42.91,98939
1617,2,22.540,21.917,42.87,98951
1618,2,22.540,21.917,42.91,98944
1619,2,22.540,21.917,42.87,98941
1620,2,22.540,21.917,42.87,98943
1621,2,22.550,21.917,42.87,98936
1622,2,22.550,21.917,42.91,98947
1623,2,22.550,21.917,42.91,98945
1624,2,22.550,21.917,42.87,98936
1625,2,22.550,21.917,42.87,98938
1626,2,22.550,21.917,42.87,98943
1627,2,22.550,21.917,42.87,98934
1628,2,22.550,21.917,42.87,98934
1629,2,22.550,21.917,42.87,98927
1630,2,22.550,21.917,42.87,98907
1631,2,22.550,21.917,42.87,98911
1632,2,22.550,21.917,42.87,98916
1633,2,22.550,21.917,42.87,98913
1634,2,22.550,21.917,42.91,98924
1635,2,22.550,21.920,42.87,98925
1636,2,22.550,21.917,42.87,98924
1637,2,22.550,21.920,42.87,98923
1638,2,22.550,21.917,42.87,98925
1639,2,22.550,21.920,42.87,98926
1640,2,22.550,21.920,42.87,98927
1641,2,22.550,21.920,42.87,98938
1642,2,22.550,21.920,42.91,98943
1643,2,22.550,21.920,42.87,98941
1644,2,22.550,21.920,42.87,98945
1645,2,22.550,21.920,42.91,98944
1646,2,22.550,21.920,42.87,98943
1647,2,22.550,21.923,42.87,98936
1648,2,22.560,21.920,42.87,98939
1649,2,22.560,21.923,42.91,98946
1650,2,22.560,21.920,42.87,98945
1651,2,22.560,21.923,42.87,98943
1652,2,22.560,21.920,42.91,98952
1653,2,22.560,21.923,42.91,98954
1654,2,22.560,21.923,42.91,98955
1655,2,22.560,21.923,42.91,98963
1656,2,22.560,21.923,42.91,98956
1657,2,22.560,21.923,42.91,98958
1658,2,22.560,21.923,42.91,98959
1659,2,22.560,21.923,42.91,98970
1660,2,22.560,21.923,42.91,98972
1661,2,22.560,21.923,42.91,98971
1662,2,22.560,21.923,42.91,98974
1663,2,22.560,21.923,42.91,98983
1664,2,22.560,21.923,42.91,98977
1665,2,22.560,21.923,42.91,98972
1666,2,22.560,21.923,42.91,98981
1667,2,22.560,21.923,42.91,98978
1668,2,22.560,21.923,42.91,98992
1669,2,22.560,21.923,42.91,98987
1670,2,22.560,21.923,42.91,99000
1671,2,22.570,21.923,42.91,98999
1672,2,22.570,21.923,42.91,99004
1673,2,22.570,21.923,42.91,98998
1674,2,22.570,21.923,42.91,99005
1675,2,22.570,21.927,42.91,99009
1676,2,22.570,21.927,42.91,99022
1677,2,22.570,21.927,42.91,99018
1678,2,22.570,21.927,42.94,99018
1679,2,22.570,21.927,42.91,99040
1680,2,22.570,21.927,42.94,99027
1681,2,22.570,21.927,42.94,99041
1682,2,22.570,21.927,42.91,99018
1683,2,22.570,21.927,42.91,99023
1684,2,22.570,21.927,42.91,99022
1685,2,22.570,21.930,42.94,99031
1686,2,22.570,21.927,42.91,99022
1687,2,22.570,21.930,42.91,99025
1688,2,22.570,21.930,42.94,99022
1689,2,22.570,21.933,42.94,99023
1690,2,22.570,21.933,42.94,99028
1691,2,22.570,21.933,42.94,99043
1692,2,22.570,21.933,42.94,99031
1693,2,22.580,21.933,42.94,99029
1694,2,22.580,21.933,42.91,99038
1695,2,22.580,21.933,42.94,99042
1696,2,22.580,21.933,42.91,99043
1697,2,22.580,21.933,42.94,99039
1698,2,22.580,21.933,42.94,99034
1699,2,22.580,21.933,42.94,99037
1700,2,22.580,21.933,42.94,99031
1701,2,22.580,21.933,42.94,99024
1702,2,22.580,21.933,42.94,99021
1703,2,22.580,21.933,42.94,99024
1704,2,22.580,21.933,42.94,99020
1705,2,22.580,21.933,42.94,99021
1706,2,22.580,21.933,42.94,99019
1707,2,22.580,21.933,42.91,99017
1708,2,22.580,21.933,42.91,99014
1709,2,22.580,21.933,42.94,99020
1710,2,22.580,21.933,42.91,99019
1711,2,22.580,21.933,42.94,99022
1712,2,22.580,21.933,42.94,99000
1713,2,22.580,21.933,42.94,99002
1714,2,22.580,21.933,42.91,99008
1715,2,22.590,21.933,42.91,99024
1716,2,22.590,21.933,42.94,99013
1717,2,22.590,21.933,42.94,99020
1718,2,22.590,21.933,42.94,99016
1719,2,22.590,21.937,42.94,99012
1720,2,22.590,21.933,42.94,99014
1721,2,22.590,21.940,42.94,98997
1722,2,22.590,21.940,42.94,99005
1723,2,22.590,21.940,42.94,99004
1724,2,22.590,21.940,42.94,99011
1725,2,22.590,21.940,42.94,99005
1726,2,22.590,21.943,42.94,98999
1727,2,22.590,21.943,42.94,99007
1728,2,22.590,21.943,42.94,99006
1729,2,22.590,21.943,42.91,99002
1730,2,22.590,21.943,42.94,99015
1731,2,22.590,21.943,42.94,99005
1732,2,22.590,21.943,42.94,99012
1733,2,22.590,21.943,42.94,99016
1734,2,22.590,21.943,42.94,99003
1735,2,22.590,21.943,42.94,98995
1736,2,22.590,21.943,42.94,99000
1737,2,22.600,21.943,42.94,99002
1738,2,22.600,21.943,42.94,98990
1739,2,22.600,21.943,42.94,98992
1740,2,22.600,21.943,42.94,98990
1741,2,22.600,21.943,42.94,98996
1742,2,22.600,21.943,42.94,99001
1743,2,22.600,21.943,42.94,99004
1744,2,22.600,21.943,42.91,99008
1745,2,22.600,21.947,42.94,99002
1746,2,22.600,21.943,42.91,98997
1747,2,22.600,21.950,42.94,99009
1748,2,22.600,21.950,42.94,99006
1749,2,22.600,21.950,42.91,99013
1750,2,22.600,21.950,42.95,99002
1751,2,22.600,21.950,42.91,98996
1752,2,22.600,21.950,42.94,98994
1753,2,22.600,21.950,42.91,98987
1754,2,22.600,21.950,42.94,99001
1755,2,22.610,21.950,42.95,99014
1756,2,22.610,21.950,42.95,99022
1757,2,22.610,21.950,42.95,99020
1758,2,22.610,21.950,42.91,99034
1759,2,22.610,21.950,42.95,99024
1760,2,22.610,21.950,42.95,99013
1761,2,22.610,21.953,42.91,99012
1762,2,22.610,21.953,42.91,99026
1763,2,22.610,21.953,42.95,99041
1764,2,22.610,21.953,42.91,99029
1765,2,22.610,21.953,42.91,99026
1766,2,22.610,21.953,42.91,99028
1767,2,22.610,21.953,42.91,99037
1768,2,22.610,21.953,42.91,99036
1769,2,22.610,21.953,42.91,99027
1770,2,22.610,21.953,42.91,99042
1771,2,22.610,21.960,42.91,99016
1772,2,22.610,21.957,42.91,99019
1773,2,22.620,21.960,42.94,99047
1774,2,22.620,21.960,42.91,99044
1775,2,22.620,21.960,42.91,99031
1776,2,22.620,21.960,42.91,99016
1777,2,22.620,21.960,42.91,99052
1778,2,22.620,21.960,42.95,99033
1779,2,22.620,21.960,42.91,99042
1780,2,22.620,21.960,42.91,99039
1781,2,22.620,21.960,42.91,99029
1782,2,22.620,21.960,42.91,99030
1783,2,22.620,21.960,42.91,99020
1784,2,22.620,21.960,42.91,99033
1785,2,22.620,21.960,42.91,99034
1786,2,22.620,21.960,42.94,99033
1787,2,22.620,21.960,42.91,99036
1788,2,22.620,21.960,42.91,99030
1789,2,22.620,21.960,42.91,99034
1790,2,22.620,21.960,42.91,99029
1791,2,22.620,21.960,42.91,99028
1792,2,22.620,21.960,42.91,99040
1793,2,22.630,21.960,42.91,99029
1794,2,22.630,21.960,42.91,99022
1795,2,22.630,21.963,42.91,99029
1796,2,22.630,21.967,42.91,99028
1797,2,22.630,21.970,42.91,99043
1798,2,22.630,21.967,42.91,99037
1799,2,22.630,21.970,42.91,99042
1800,2,22.630,21.967,42.91,99031
1801,2,22.630,21.970,42.91,99040
1802,2,22.630,21.970,42.91,99030
1803,2,22.630,21.970,42.91,99036
1804,2,22.630,21.970,42.91,99034
1805,2,22.630,21.970,42.91,99030
1806,2,22.630,21.970,42.91,99026
1807,2,22.630,21.970,42.91,99022
1808,2,22.630,21.970,42.91,99027
1809,2,22.630,21.970,42.91,99022
1810,2,22.630,21.970,42.91,99023
1811,2,22.630,21.970,42.91,99014
1812,2,22.630,21.970,42.91,99018
1813,2,22.630,21.970,42.91,99015
1814,2,22.630,21.970,42.88,99013
1815,2,22.640,21.970,42.88,99005
1816,2,22.640,21.970,42.91,99017
1817,2,22.640,21.970,42.91,99023
1818,2,22.640,21.970,42.91,99018
1819,2,22.640,21.970,42.91,99048
1820,2,22.640,21.970,42.91,99033
1821,2,22.640,21.973,42.91,99029
1822,2,22.640,21.973,42.91,99018
1823,2,22.640,21.973,42.91,99024
1824,2,22.640,21.973,42.91,99042
1825,2,22.640,21.977,42.91,99039
1826,2,22.640,21.973,42.91,99044
1827,2,22.640,21.977,42.88,99023
1828,2,22.640,21.973,42.91,99022
1829,2,22.640,21.977,42.91,99031
1830,2,22.640,21.977,42.88,99032
1831,2,22.640,21.977,42.91,99022
1832,2,22.640,21.980,42.88,99019
1833,2,22.650,21.980,42.91,99020
1834,2,22.650,21.980,42.88,99020
1835,2,22.650,21.980,42.91,99015
1836,2,22.650,21.980,42.91,99026
1837,2,22.650,21.980,42.88,99019
1838,2,22.650,21.980,42.91,99016
1839,2,22.650,21.980,42.88,99017
1840,2,22.650,21.980,42.88,99016
1841,2,22.650,21.980,42.91,99002
1842,2,22.650,21.980,42.88,99002
1843,2,22.650,21.980,42.88,99005
1844,2,22.650,21.980,42.88,99008
1845,2,22.650,21.980,42.88,99013
1846,2,22.650,21.980,42.88,98996
1847,2,22.650,21.980,42.88,99006
1848,2,22.650,21.980,42.88,99005
1849,2,22.650,21.983,42.88,98997
1850,2,22.650,21.983,42.88,99009
1851,2,22.660,21.983,42.88,98998
1852,2,22.660,21.983,42.88,99008
1853,2,22.660,21.983,42.88,99004
1854,2,22.660,21.983,42.88,99002
1855,2,22.660,21.983,42.88,99008
1856,2,22.660,21.983,42.88,98987
1857,2,22.660,21.983,42.88,98992
1858,2,22.660,21.983,42.88,98993
1859,2,22.660,21.983,42.88,98989
1860,2,22.660,21.983,42.88,98987
1861,2,22.660,21.987,42.88,98995
1862,2,22.660,21.983,42.88,98999
1863,2,22.660,21.987,42.88,98997
1864,2,22.660,21.987,42.88,98987
1865,2,22.660,21.987,42.88,98991
1866,2,22.660,21.987,42.88,98999
1867,2,22.660,21.987,42.88,98997
1868,2,22.660,21.987,42.88,98982
1869,2,22.660,21.987,42.88,98993
1870,2,22.660,21.987,42.88,98989
1871,2,22.660,21.987,42.88,98989
1872,2,22.660,21.990,42.88,98995
1873,2,22.670,21.990,42.88,98991
1874,2,22.670,21.990,42.88,98976
1875,2,22.670,21.990,42.88,98978
1876,2,22.670,21.990,42.88,98987
1877,2,22.670,21.990,42.88,98972
1878,2,22.670,21.990,42.88,98983
1879,2,22.670,21.993,42.88,98979
1880,2,22.670,21.993,42.88,98975
1881,2,22.670,21.993,42.88,98984
1882,2,22.670,21.993,42.88,98975
1883,2,22.670,21.993,42.88,98964
1884,2,22.670,21.993,42.88,98963
1885,2,22.670,21.993,42.88,98963
1886,2,22.670,21.993,42.88,98971
1887,2,22.670,21.993,42.88,98957
1888,2,22.670,21.993,42.88,98958
1889,2,22.670,21.993,42.88,98951
1890,2,22.670,21.993,42.88,98958
1891,2,22.670,21.993,42.88,98967
1892,2,22.670,21.993,42.88,98965
1893,2,22.670,21.993,42.88,98963
1894,2,22.670,21.993,42.88,98947
1895,2,22.670,21.997,42.88,98956
1896,2,22.670,21.993,42.88,98948
1897,2,22.680,21.997,42.88,98957
1898,2,22.670,21.993,42.85,98946
1899,2,22.680,21.997,42.88,98947
1900,2,22.680,21.997,42.88,98946
1901,2,22.680,21.997,42.88,98945
1902,2,22.680,21.997,42.85,98943
1903,2,22.680,21.997,42.88,98948
1904,2,22.680,21.997,42.88,98955
1905,2,22.680,21.997,42.88,98943
1906,2,22.680,21.997,42.88,98939
1907,2,22.680,22.000,42.85,98944
1908,2,22.680,22.000,42.85,98947
1909,2,22.680,22.003,42.85,98940
1910,2,22.680,22.003,42.88,98942
1911,2,22.680,22.003,42.88,98933
1912,2,22.680,22.003,42.89,98939
1913,2,22.680,22.003,42.85,98942
1914,2,22.680,22.003,42.85,98929
1915,2,22.680,22.003,42.85,98924
1916,2,22.680,22.003,42.85,98926
1917,2,22.690,22.003,42.85,98926
1918,2,22.690,22.003,42.85,98926
1919,2,22.690,22.003,42.85,98922
1920,2,22.690,22.003,42.85,98919
1921,2,22.690,22.003,42.85,98922
1922,2,22.690,22.003,42.85,98914
1923,2,22.690,22.003,42.85,98916
1924,2,22.690,22.003,42.85,98910
1925,2,22.690,22.003,42.85,98915
1926,2,22.690,22.003,42.85,98914
1927,2,22.690,22.003,42.85,98917
1928,2,22.690,22.003,42.85,98919
1929,2,22.690,22.003,42.85,98913
1930,2,22.690,22.003,42.85,98912
1931,2,22.690,22.003,42.85,98910
1932,2,22.690,22.003,42.82,98899
1933,2,22.700,22.007,42.82,98900
1934,2,22.700,22.003,42.82,98895
1935,2,22.700,22.007,42.85,98890
1936,2,22.700,22.003,42.85,98887
1937,2,22.700,22.007,42.85,98884
1938,2,22.700,22.007,42.82,98884
1939,2,22.700,22.007,42.82,98876
1940,2,22.700,22.007,42.85,98870
1941,2,22.700,22.010,42.82,98884
1942,2,22.700,22.010,42.82,98884
1943,2,22.700,22.010,42.85,98890
1944,2,22.700,22.010,42.82,98878
1945,2,22.700,22.010,42.82,98877
1946,2,22.700,22.010,42.85,98877
1947,2,22.700,22.013,42.82,98870
1948,2,22.700,22.013,42.82,98872
1949,2,22.700,22.013,42.82,98865
1950,2,22.700,22.013,42.85,98867
1951,2,22.710,22.013,42.82,98862
1952,2,22.710,22.013,42.82,98860
1953,2,22.710,22.013,42.82,98862
1954,2,22.710,22.013,42.85,98862
1955,2,22.710,22.013,42.82,98852
1956,2,22.710,22.013,42.82,98853
1957,2,22.710,22.013,42.82,98846
1958,2,22.710,22.013,42.82,98851
1959,2,22.710,22.013,42.82,98856
1960,2,22.710,22.013,42.82,98848
1961,2,22.710,22.013,42.82,98842
1962,2,22.710,22.013,42.82,98841
1963,2,22.710,22.013,42.82,98841
1964,2,22.710,22.013,42.82,98846
1965,2,22.710,22.013,42.82,98849
1966,2,22.710,22.013,42.82,98835
1967,2,22.710,22.013,42.82,98834
1968,2,22.710,22.013,42.82,98832
1969,2,22.710,22.013,42.82,98830
1970,2,22.710,22.013,42.82,98820
1971,2,22.710,22.013,42.82,98834
1972,2,22.710,22.013,42.82,98826
1973,2,22.710,22.013,42.82,98835
1974,2,22.710,22.013,42.82,98822
1975,2,22.710,22.013,42.82,98829
1976,2,22.710,22.013,42.82,98828
1977,2,22.710,22.013,42.82,98824
1978,2,22.710,22.013,42.82,98826
1979,2,22.710,22.013,42.82,98821
1980,2,22.710,22.013,42.82,98816
1981,2,22.710,22.013,42.82,98826
1982,2,22.710,22.013,42.82,98817
1983,2,22.710,22.017,42.82,98810
1984,2,22.710,22.013,42.82,98811
1985,2,22.710,22.020,42.82,98808
1986,2,22.710,22.017,42.82,98810
1987,2,22.720,22.020,42.82,98803
1988,2,22.720,22.017,42.82,98816
1989,2,22.720,22.020,42.82,98797
1990,2,22.720,22.020,42.82,98800
1991,2,22.720,22.020,42.82,98800
1992,2,22.720,22.020,42.82,98801
1993,2,22.720,22.023,42.82,98805
1994,2,22.720,22.023,42.82,98800
1995,2,22.720,22.023,42.82,98801
1996,2,22.720,22.023,42.82,98807
1997,2,22.720,22.023,42.82,98801
1998,2,22.720,22.023,42.79,98803
1999,2,22.720,22.023,42.82,98793
2000,2,22.720,22.023,42.82,98792
2001,2,22.720,22.023,42.82,98794
2002,2,22.720,22.023,42.79,98789
2003,2,22.730,22.023,42.82,98792
2004,2,22.730,22.023,42.79,98791
